hidden_nodes,output_nodes,resize,color,iterations,batch_size,choices,time,true_pos,true_neg,false_pos,false_neg,total,train_true_pos,train_true_neg,train_false_pos,train_false_neg,avg_accuracy,average_true_pos,average_true_neg,train_average_accuracy,train_average_true_pos,train_average_true_neg
70,10,0.12,1,40000,1,1,505.662,172,171,129,128,6000,1552,1427,1273,1148,0.575555556,0.581111111,0.57,0.550617284,0.565925926,0.535308642
70,10,0.12,1,40000,1,2,605.92,179,163,137,121,6000,1540,1355,1345,1160,0.571666667,0.601111111,0.542222222,0.556358025,0.581111111,0.531604938
70,10,0.12,1,40000,1,3,627.159,190,156,144,110,6000,1651,1404,1296,1049,0.556666667,0.6,0.513333333,0.559197531,0.599135802,0.519259259
